id,k,wt_u,ratio_u,wt_v,ratio_v,required_c,required_c2
t1001,1,2,1.154701,2,1.154701,1.154701,1.333333
t1010,1,3,1.133893,3,1.133893,1.133893,1.285714
t1006,1,3,1.098076,3,1.098076,1.098076,1.205771
t1004,1,4,1.071797,4,1.071797,1.071797,1.148748
t1003,1,5,1.056624,5,1.056624,1.056624,1.116455
t1008,1,1,1.000000,2,1.035276,1.035276,1.071797
t1009,1,2,1.035276,2,1.035276,1.035276,1.071797
t1005,1,1,1.000000,1,1.000000,1.000000,1.000000
t1007,1,2,1.000000,2,1.000000,1.000000,1.000000
t1011,1,1,1.000000,1,1.000000,1.000000,1.000000
t2016,2,4,1.195434,4,1.195434,1.195434,1.429062
t2011,2,2,1.154701,2,1.000000,1.154701,1.333333
t2012,2,2,1.154701,3,1.133893,1.154701,1.333333
t2020,2,4,1.109400,4,1.109400,1.109400,1.230769
t2015,2,1,1.000000,4,1.101124,1.101124,1.212475
t2001,2,6,1.098076,6,1.098076,1.098076,1.205771
t2007,2,2,1.000000,3,1.098076,1.098076,1.205771
t2014,2,1,1.000000,3,1.098076,1.098076,1.205771
t2018,2,3,1.098076,3,1.098076,1.098076,1.205771
t2002,2,4,1.071797,4,1.071797,1.071797,1.148748
t2008,2,4,1.071797,4,1.071797,1.071797,1.148748
t2009,2,4,1.071797,4,1.071797,1.071797,1.148748
t2005,2,5,1.056624,5,1.056624,1.056624,1.116455
t2013,2,5,1.056624,5,1.056624,1.056624,1.116455
t2017,2,2,1.035276,4,1.035276,1.035276,1.071797
t2004,2,1,1.000000,3,1.031171,1.031171,1.063314
t2006,2,2,1.000000,3,1.031171,1.031171,1.063314
t2003,2,1,1.000000,4,1.026108,1.026108,1.052898
t2010,2,3,1.000000,3,1.000000,1.000000,1.000000
t2019,2,3,1.000000,3,1.000000,1.000000,1.000000
t3002,3,2,1.154701,4,1.109400,1.154701,1.333333
t3003,3,2,1.154701,4,1.000000,1.154701,1.333333
t3004,3,4,1.154701,4,1.154701,1.154701,1.333333
t3038,3,3,1.000000,4,1.154701,1.154701,1.333333
t3040,3,2,1.154701,3,1.000000,1.154701,1.333333
t3041,3,2,1.154701,4,1.109400,1.154701,1.333333
t3043,3,4,1.154701,4,1.154701,1.154701,1.333333
t3045,3,2,1.000000,6,1.154701,1.154701,1.333333
t3058,3,4,1.154701,4,1.154701,1.154701,1.333333
t3u002,3,2,1.154701,4,1.109400,1.154701,1.333333
t3u003,3,2,1.154701,4,1.000000,1.154701,1.333333
t3u004,3,4,1.154701,4,1.154701,1.154701,1.333333
t3u030,3,3,1.000000,4,1.154701,1.154701,1.333333
t3u031,3,2,1.154701,3,1.000000,1.154701,1.333333
t3u032,3,2,1.154701,4,1.109400,1.154701,1.333333
t3u034,3,4,1.154701,4,1.154701,1.154701,1.333333
t3060,3,5,1.147079,5,1.147079,1.147079,1.315789
t3046,3,2,1.000000,3,1.133893,1.133893,1.285714
t3061,3,3,1.133893,3,1.133893,1.133893,1.285714
t3050,3,1,1.000000,6,1.120756,1.120756,1.256095
t3030,3,2,1.000000,5,1.120046,1.120046,1.254503
t3031,3,2,1.000000,5,1.120046,1.120046,1.254503
t3049,3,1,1.000000,5,1.120046,1.120046,1.254503
t3056,3,5,1.120046,5,1.120046,1.120046,1.254503
t3u024,3,2,1.000000,5,1.120046,1.120046,1.254503
t3u039,3,5,1.120046,5,1.120046,1.120046,1.254503
t3039,3,2,1.000000,4,1.109400,1.109400,1.230769
t3044,3,2,1.000000,4,1.109400,1.109400,1.230769
t3u035,3,2,1.000000,4,1.109400,1.109400,1.230769
t3026,3,6,1.098076,6,1.098076,1.098076,1.205771
t3033,3,3,1.098076,3,1.000000,1.098076,1.205771
t3048,3,6,1.098076,6,1.098076,1.098076,1.205771
t3052,3,1,1.000000,6,1.098076,1.098076,1.205771
t3u025,3,3,1.098076,3,1.000000,1.098076,1.205771
t3u037,3,6,1.098076,6,1.098076,1.098076,1.205771
t3029,3,2,1.000000,5,1.092959,1.092959,1.194560
t3032,3,2,1.000000,5,1.092959,1.092959,1.194560
t3u023,3,2,1.000000,5,1.092959,1.092959,1.194560
t3007,3,7,1.082904,7,1.082904,1.082904,1.172681
t3008,3,7,1.082904,7,1.082904,1.082904,1.172681
t3035,3,7,1.082904,7,1.082904,1.082904,1.172681
t3u007,3,7,1.082904,7,1.082904,1.082904,1.172681
t3u008,3,7,1.082904,7,1.082904,1.082904,1.172681
t3u027,3,7,1.082904,7,1.082904,1.082904,1.172681
t3009,3,4,1.071797,5,1.081039,1.081039,1.168645
t3021,3,1,1.000000,5,1.081039,1.081039,1.168645
t3051,3,1,1.000000,5,1.081039,1.081039,1.168645
t3u009,3,4,1.071797,5,1.081039,1.081039,1.168645
t3u017,3,1,1.000000,5,1.081039,1.081039,1.168645
t3028,3,2,1.000000,6,1.080136,1.080136,1.166695
t3018,3,2,1.000000,4,1.071797,1.071797,1.148748
t3020,3,1,1.000000,4,1.071797,1.071797,1.148748
t3054,3,4,1.071797,4,1.071797,1.071797,1.148748
t3057,3,4,1.071797,4,1.071797,1.071797,1.148748
t3u015,3,2,1.000000,4,1.071797,1.071797,1.148748
t3u016,3,1,1.000000,4,1.071797,1.071797,1.148748
t3u038,3,4,1.071797,4,1.071797,1.071797,1.148748
t3015,3,1,1.000000,6,1.067547,1.067547,1.139657
t3u013,3,1,1.000000,6,1.067547,1.067547,1.139657
t3006,3,5,1.056624,5,1.056624,1.056624,1.116455
t3012,3,2,1.000000,5,1.056624,1.056624,1.116455
t3014,3,1,1.000000,5,1.056624,1.056624,1.116455
t3019,3,1,1.000000,5,1.056624,1.056624,1.116455
t3024,3,5,1.056624,5,1.056624,1.056624,1.116455
t3034,3,5,1.056624,5,1.056624,1.056624,1.116455
t3036,3,5,1.056624,5,1.056624,1.056624,1.116455
t3037,3,5,1.056624,5,1.056624,1.056624,1.116455
t3u006,3,5,1.056624,5,1.056624,1.056624,1.116455
t3u011,3,2,1.000000,5,1.056624,1.056624,1.116455
t3u012,3,1,1.000000,5,1.056624,1.056624,1.116455
t3u020,3,5,1.056624,5,1.056624,1.056624,1.116455
t3u026,3,5,1.056624,5,1.056624,1.056624,1.116455
t3u028,3,5,1.056624,5,1.056624,1.056624,1.116455
t3u029,3,5,1.056624,5,1.056624,1.056624,1.116455
t3013,3,1,1.000000,6,1.046746,1.046746,1.095677
t3047,3,6,1.046746,6,1.046746,1.046746,1.095677
t3u036,3,6,1.046746,6,1.046746,1.046746,1.095677
t3005,3,7,1.039802,7,1.039802,1.039802,1.081188
t3u005,3,7,1.039802,7,1.039802,1.039802,1.081188
t3017,3,2,1.000000,4,1.035276,1.035276,1.071797
t3022,3,4,1.035276,4,1.035276,1.035276,1.071797
t3053,3,2,1.035276,6,1.035276,1.035276,1.071797
t3055,3,2,1.035276,3,1.031171,1.035276,1.071797
t3u014,3,2,1.000000,4,1.035276,1.035276,1.071797
t3u018,3,4,1.035276,4,1.035276,1.035276,1.071797
t3011,3,2,1.000000,5,1.033793,1.033793,1.068728
t3u010,3,2,1.000000,5,1.033793,1.033793,1.068728
t3023,3,3,1.031171,3,1.031171,1.031171,1.063314
t3025,3,3,1.031171,3,1.031171,1.031171,1.063314
t3u019,3,3,1.031171,3,1.031171,1.031171,1.063314
t3u021,3,3,1.031171,3,1.031171,1.031171,1.063314
t3027,3,3,1.000000,4,1.026108,1.026108,1.052898
t3u022,3,3,1.000000,4,1.026108,1.026108,1.052898
t3016,3,1,1.000000,5,1.022151,1.022151,1.044792
t3010,3,1,1.000000,6,1.019144,1.019144,1.038654
t3001,3,5,1.000000,5,1.000000,1.000000,1.000000
t3042,3,4,1.000000,4,1.000000,1.000000,1.000000
t3059,3,4,1.000000,4,1.000000,1.000000,1.000000
t3u001,3,5,1.000000,5,1.000000,1.000000,1.000000
t3u033,3,4,1.000000,4,1.000000,1.000000,1.000000
t4079,4,6,1.260430,6,1.260430,1.260430,1.588685
t4098,4,4,1.181381,4,1.181381,1.181381,1.395661
t4u029,4,4,1.181381,4,1.181381,1.181381,1.395661
t4005,4,3,1.000000,6,1.154701,1.154701,1.333333
t4007,4,6,1.154701,6,1.154701,1.154701,1.333333
t4011,4,2,1.154701,6,1.077632,1.154701,1.333333
t4012,4,2,1.154701,5,1.091089,1.154701,1.333333
t4013,4,2,1.154701,5,1.000000,1.154701,1.333333
t4014,4,6,1.154701,6,1.154701,1.154701,1.333333
t4015,4,2,1.154701,5,1.000000,1.154701,1.333333
t4016,4,2,1.154701,6,1.077632,1.154701,1.333333
t4019,4,3,1.000000,4,1.154701,1.154701,1.333333
t4022,4,6,1.154701,6,1.154701,1.154701,1.333333
t4113,4,3,1.000000,6,1.154701,1.154701,1.333333
t4114,4,2,1.000000,6,1.154701,1.154701,1.333333
t4118,4,6,1.154701,6,1.154701,1.154701,1.333333
t4120,4,4,1.154701,5,1.000000,1.154701,1.333333
t4121,4,2,1.154701,5,1.091089,1.154701,1.333333
t4122,4,2,1.154701,4,1.000000,1.154701,1.333333
t4123,4,2,1.154701,5,1.091089,1.154701,1.333333
t4124,4,2,1.000000,6,1.154701,1.154701,1.333333
t4125,4,2,1.000000,10,1.154701,1.154701,1.333333
t4128,4,2,1.000000,4,1.154701,1.154701,1.333333
t4129,4,3,1.000000,4,1.154701,1.154701,1.333333
t4u002,4,3,1.000000,6,1.154701,1.154701,1.333333
t4u005,4,2,1.154701,5,1.091089,1.154701,1.333333
t4u006,4,2,1.154701,5,1.000000,1.154701,1.333333
t4116,4,2,1.000000,5,1.147079,1.147079,1.315789
t4080,4,6,1.136812,6,1.136812,1.136812,1.292342
t4107,4,6,1.136812,6,1.136812,1.136812,1.292342
t4009,4,6,1.133893,6,1.133893,1.133893,1.285714
t4112,4,3,1.133893,3,1.000000,1.133893,1.285714
t4115,4,2,1.000000,6,1.133893,1.133893,1.285714
t4117,4,2,1.000000,6,1.133893,1.133893,1.285714
t4151,4,3,1.133893,3,1.000000,1.133893,1.285714
t4u004,4,6,1.133893,6,1.133893,1.133893,1.285714
t4u032,4,2,1.000000,6,1.133893,1.133893,1.285714
t4137,4,1,1.000000,8,1.129967,1.129967,1.276824
t4006,4,7,1.129733,7,1.129733,1.129733,1.276297
t4088,4,2,1.000000,7,1.129733,1.129733,1.276297
t4089,4,2,1.000000,7,1.129733,1.129733,1.276297
t4090,4,2,1.000000,7,1.129733,1.129733,1.276297
t4095,4,7,1.129733,7,1.129733,1.129733,1.276297
t4136,4,1,1.000000,7,1.129733,1.129733,1.276297
t4u003,4,7,1.129733,7,1.129733,1.129733,1.276297
t4u025,4,2,1.000000,7,1.129733,1.129733,1.276297
t4018,4,3,1.000000,5,1.120046,1.120046,1.254503
t4126,4,2,1.000000,5,1.120046,1.120046,1.254503
t4146,4,5,1.120046,5,1.120046,1.120046,1.254503
t4u007,4,3,1.000000,5,1.120046,1.120046,1.254503
t4086,4,2,1.000000,7,1.115302,1.115302,1.243898
t4087,4,2,1.000000,7,1.115302,1.115302,1.243898
t4091,4,2,1.000000,7,1.115302,1.115302,1.243898
t4u026,4,2,1.000000,7,1.115302,1.115302,1.243898
t4027,4,8,1.111705,8,1.111705,1.111705,1.235888
t4140,4,1,1.000000,8,1.111705,1.111705,1.235888
t4u011,4,8,1.111705,8,1.111705,1.111705,1.235888
t4033,4,8,1.109606,8,1.109606,1.109606,1.231225
t4021,4,4,1.109400,4,1.109400,1.109400,1.230769
t4023,4,4,1.109400,4,1.109400,1.109400,1.230769
t4u009,4,4,1.109400,4,1.109400,1.109400,1.230769
t4075,4,1,1.000000,7,1.102389,1.102389,1.215262
t4139,4,1,1.000000,7,1.102389,1.102389,1.215262
t4141,4,1,1.000000,7,1.102389,1.102389,1.215262
t4085,4,4,1.101124,4,1.101124,1.101124,1.212475
t4147,4,3,1.098076,4,1.101124,1.101124,1.212475
t4u024,4,4,1.101124,4,1.101124,1.101124,1.212475
t4025,4,9,1.098076,9,1.098076,1.098076,1.205771
t4028,4,9,1.098076,9,1.098076,1.098076,1.205771
t4029,4,9,1.098076,9,1.098076,1.098076,1.205771
t4067,4,2,1.000000,6,1.098076,1.098076,1.205771
t4070,4,2,1.000000,6,1.098076,1.098076,1.205771
t4074,4,1,1.000000,6,1.098076,1.098076,1.205771
t4084,4,6,1.098076,6,1.098076,1.098076,1.205771
t4093,4,3,1.098076,5,1.092959,1.098076,1.205771
t4096,4,3,1.098076,4,1.000000,1.098076,1.205771
t4097,4,3,1.098076,5,1.092959,1.098076,1.205771
t4101,4,6,1.098076,6,1.098076,1.098076,1.205771
t4104,4,6,1.098076,6,1.098076,1.098076,1.205771
t4105,4,6,1.098076,6,1.098076,1.098076,1.205771
t4106,4,3,1.098076,4,1.071797,1.098076,1.205771
t4u020,4,2,1.000000,6,1.098076,1.098076,1.205771
t4u023,4,6,1.098076,6,1.098076,1.098076,1.205771
t4u028,4,3,1.098076,4,1.000000,1.098076,1.205771
t4u030,4,6,1.098076,6,1.098076,1.098076,1.205771
t4127,4,2,1.000000,5,1.092959,1.092959,1.194560
t4004,4,3,1.000000,5,1.091089,1.091089,1.190476
t4017,4,5,1.091089,5,1.091089,1.091089,1.190476
t4020,4,3,1.000000,5,1.091089,1.091089,1.190476
t4109,4,3,1.000000,5,1.091089,1.091089,1.190476
t4148,4,5,1.091089,5,1.091089,1.091089,1.190476
t4150,4,5,1.091089,5,1.091089,1.091089,1.190476
t4u008,4,3,1.000000,5,1.091089,1.091089,1.190476
t4056,4,1,1.000000,8,1.088856,1.088856,1.185608
t4134,4,1,1.000000,8,1.088856,1.088856,1.185608
t4135,4,1,1.000000,8,1.088856,1.088856,1.185608
t4003,4,3,1.000000,6,1.083586,1.083586,1.174159
t4u001,4,3,1.000000,6,1.083586,1.083586,1.174159
t4034,4,7,1.082904,7,1.082904,1.082904,1.172681
t4035,4,7,1.082904,7,1.082904,1.082904,1.172681
t4047,4,2,1.000000,7,1.082904,1.082904,1.172681
t4050,4,2,1.000000,7,1.082904,1.082904,1.172681
t4055,4,1,1.000000,7,1.082904,1.082904,1.172681
t4065,4,2,1.000000,7,1.082904,1.082904,1.172681
t4068,4,2,1.000000,7,1.082904,1.082904,1.172681
t4073,4,1,1.000000,7,1.082904,1.082904,1.172681
t4102,4,7,1.082904,7,1.082904,1.082904,1.172681
t4108,4,7,1.082904,7,1.082904,1.082904,1.172681
t4131,4,7,1.082904,7,1.082904,1.082904,1.172681
t4133,4,1,1.000000,7,1.082904,1.082904,1.172681
t4u013,4,7,1.082904,7,1.082904,1.082904,1.172681
t4u014,4,7,1.082904,7,1.082904,1.082904,1.172681
t4u018,4,2,1.000000,7,1.082904,1.082904,1.172681
t4u033,4,7,1.082904,7,1.082904,1.082904,1.172681
t4030,4,5,1.081039,5,1.081039,1.081039,1.168645
t4132,4,5,1.081039,5,1.081039,1.081039,1.168645
t4u012,4,5,1.081039,5,1.081039,1.081039,1.168645
t4037,4,4,1.071797,6,1.080136,1.080136,1.166695
t4066,4,2,1.000000,6,1.080136,1.080136,1.166695
t4071,4,2,1.000000,6,1.080136,1.080136,1.166695
t4092,4,2,1.000000,6,1.080136,1.080136,1.166695
t4u016,4,4,1.071797,6,1.080136,1.080136,1.166695
t4u019,4,2,1.000000,6,1.080136,1.080136,1.166695
t4u027,4,2,1.000000,6,1.080136,1.080136,1.166695
t4010,4,6,1.077632,6,1.077632,1.077632,1.161290
t4119,4,6,1.077632,6,1.077632,1.077632,1.161290
t4031,4,8,1.071797,8,1.071797,1.071797,1.148748
t4032,4,8,1.071797,8,1.071797,1.071797,1.148748
t4036,4,4,1.071797,5,1.056624,1.071797,1.148748
t4045,4,2,1.000000,8,1.071797,1.071797,1.148748
t4048,4,2,1.000000,8,1.071797,1.071797,1.148748
t4054,4,1,1.000000,8,1.071797,1.071797,1.148748
t4078,4,1,1.000000,8,1.071797,1.071797,1.148748
t4u015,4,4,1.071797,5,1.056624,1.071797,1.148748
t4046,4,2,1.000000,7,1.070174,1.070174,1.145272
t4051,4,2,1.000000,7,1.070174,1.070174,1.145272
t4064,4,2,1.000000,7,1.070174,1.070174,1.145272
t4069,4,2,1.000000,7,1.070174,1.070174,1.145272
t4u017,4,2,1.000000,7,1.070174,1.070174,1.145272
t4044,4,2,1.000000,8,1.062305,1.062305,1.128493
t4049,4,2,1.000000,8,1.062305,1.062305,1.128493
t4063,4,1,1.000000,7,1.057882,1.057882,1.119115
t4072,4,1,1.000000,7,1.057882,1.057882,1.119115
t4077,4,1,1.000000,7,1.057882,1.057882,1.119115
t4081,4,5,1.056624,5,1.056624,1.056624,1.116455
t4138,4,5,1.056624,5,1.056624,1.056624,1.116455
t4u021,4,5,1.056624,5,1.056624,1.056624,1.116455
t4043,4,1,1.000000,8,1.050626,1.050626,1.103814
t4053,4,1,1.000000,8,1.050626,1.050626,1.103814
t4076,4,1,1.000000,8,1.050626,1.050626,1.103814
t4060,4,2,1.000000,6,1.046746,1.046746,1.095677
t4062,4,1,1.000000,6,1.046746,1.046746,1.095677
t4100,4,6,1.046746,6,1.046746,1.046746,1.095677
t4103,4,6,1.046746,6,1.046746,1.046746,1.095677
t4u031,4,6,1.046746,6,1.046746,1.046746,1.095677
t4040,4,2,1.000000,7,1.039802,1.039802,1.081188
t4042,4,1,1.000000,7,1.039802,1.039802,1.081188
t4052,4,1,1.000000,7,1.039802,1.039802,1.081188
t4061,4,1,1.000000,7,1.039802,1.039802,1.081188
t4083,4,7,1.039802,7,1.039802,1.039802,1.081188
t4094,4,7,1.039802,7,1.039802,1.039802,1.081188
t4130,4,7,1.039802,7,1.039802,1.039802,1.081188
t4082,4,4,1.035276,4,1.035276,1.035276,1.071797
t4142,4,2,1.035276,8,1.035276,1.035276,1.071797
t4143,4,2,1.035276,4,1.026108,1.035276,1.071797
t4144,4,2,1.035276,8,1.035276,1.035276,1.071797
t4u022,4,4,1.035276,4,1.035276,1.035276,1.071797
t4026,4,8,1.034654,8,1.034654,1.034654,1.070510
t4041,4,1,1.000000,8,1.034654,1.034654,1.070510
t4u010,4,8,1.034654,8,1.034654,1.034654,1.070510
t4059,4,2,1.000000,6,1.031171,1.031171,1.063314
t4099,4,3,1.031171,3,1.000000,1.031171,1.063314
t4145,4,3,1.031171,3,1.031171,1.031171,1.063314
t4039,4,2,1.000000,7,1.028517,1.028517,1.057847
t4057,4,4,1.026108,4,1.026108,1.026108,1.052898
t4058,4,1,1.000000,7,1.016820,1.016820,1.033923
t4038,4,1,1.000000,8,1.014984,1.014984,1.030192
t4001,4,6,1.000000,6,1.000000,1.000000,1.000000
t4002,4,6,1.000000,6,1.000000,1.000000,1.000000
t4008,4,6,1.000000,6,1.000000,1.000000,1.000000
t4024,4,4,1.000000,4,1.000000,1.000000,1.000000
t4110,4,6,1.000000,6,1.000000,1.000000,1.000000
t4111,4,5,1.000000,5,1.000000,1.000000,1.000000
t4149,4,5,1.000000,5,1.000000,1.000000,1.000000
t5125,5,4,1.000000,5,1.180869,1.180869,1.394451
t5u010,5,4,1.000000,5,1.180869,1.180869,1.394451
t5152,5,5,1.157474,5,1.157474,1.157474,1.339746
t5003,5,3,1.000000,8,1.154701,1.154701,1.333333
t5004,5,2,1.154701,7,1.067490,1.154701,1.333333
t5005,5,2,1.154701,7,1.000000,1.154701,1.333333
t5006,5,3,1.000000,8,1.154701,1.154701,1.333333
t5008,5,8,1.154701,8,1.154701,1.154701,1.333333
t5013,5,2,1.154701,7,1.067490,1.154701,1.333333
t5014,5,2,1.154701,6,1.077632,1.154701,1.333333
t5015,5,2,1.154701,6,1.000000,1.154701,1.333333
t5017,5,3,1.000000,6,1.154701,1.154701,1.333333
t5019,5,2,1.154701,7,1.000000,1.154701,1.333333
t5020,5,2,1.154701,6,1.000000,1.154701,1.333333
t5021,5,2,1.154701,7,1.067490,1.154701,1.333333
t5023,5,3,1.000000,6,1.154701,1.154701,1.333333
t5024,5,4,1.154701,5,1.147079,1.154701,1.333333
t5030,5,6,1.154701,6,1.154701,1.154701,1.333333
t5031,5,4,1.154701,4,1.000000,1.154701,1.333333
t5226,5,3,1.000000,6,1.154701,1.154701,1.333333
t5229,5,6,1.154701,6,1.154701,1.154701,1.333333
t5232,5,6,1.154701,6,1.154701,1.154701,1.333333
t5237,5,3,1.000000,8,1.154701,1.154701,1.333333
t5242,5,2,1.000000,6,1.154701,1.154701,1.333333
t5243,5,2,1.154701,7,1.067490,1.154701,1.333333
t5244,5,2,1.000000,8,1.154701,1.154701,1.333333
t5247,5,4,1.154701,5,1.147079,1.154701,1.333333
t5248,5,4,1.154701,4,1.000000,1.154701,1.333333
t5250,5,3,1.133893,4,1.154701,1.154701,1.333333
t5253,5,2,1.154701,5,1.000000,1.154701,1.333333
t5254,5,2,1.154701,6,1.077632,1.154701,1.333333
t5255,5,2,1.000000,10,1.154701,1.154701,1.333333
t5256,5,2,1.154701,5,1.000000,1.154701,1.333333
t5257,5,2,1.154701,6,1.077632,1.154701,1.333333
t5263,5,4,1.000000,6,1.154701,1.154701,1.333333
t5264,5,2,1.154701,6,1.077632,1.154701,1.333333
t5265,5,2,1.154701,6,1.000000,1.154701,1.333333
t5274,5,6,1.154701,6,1.154701,1.154701,1.333333
t5275,5,4,1.154701,5,1.147079,1.154701,1.333333
t5280,5,2,1.000000,6,1.154701,1.154701,1.333333
t5283,5,2,1.000000,10,1.154701,1.154701,1.333333
t5320,5,6,1.154701,6,1.154701,1.154701,1.333333
t5323,5,6,1.154701,6,1.154701,1.154701,1.333333
t5324,5,4,1.154701,5,1.000000,1.154701,1.333333
t5326,5,3,1.000000,4,1.154701,1.154701,1.333333
t5328,5,6,1.154701,6,1.154701,1.154701,1.333333
t5329,5,3,1.000000,6,1.154701,1.154701,1.333333
t5330,5,3,1.133893,4,1.154701,1.154701,1.333333
t5u002,5,6,1.154701,6,1.154701,1.154701,1.333333
t5012,5,7,1.150793,7,1.150793,1.150793,1.324324
t5249,5,7,1.150793,7,1.150793,1.150793,1.324324
t5267,5,7,1.150793,7,1.150793,1.150793,1.324324
t5026,5,5,1.147079,5,1.147079,1.147079,1.315789
t5233,5,3,1.133893,5,1.147079,1.147079,1.315789
t5236,5,5,1.147079,5,1.147079,1.147079,1.315789
t5276,5,2,1.000000,5,1.147079,1.147079,1.315789
t5284,5,2,1.000000,5,1.147079,1.147079,1.315789
t5238,5,2,1.000000,8,1.142857,1.142857,1.306122
t5239,5,2,1.000000,8,1.142857,1.142857,1.306122
t5245,5,2,1.000000,8,1.142857,1.142857,1.306122
t5272,5,2,1.000000,8,1.142857,1.142857,1.306122
t5201,5,5,1.141203,5,1.141203,1.141203,1.302344
t5144,5,6,1.136812,6,1.136812,1.136812,1.292342
t5219,5,3,1.098076,6,1.136812,1.136812,1.292342
t5318,5,6,1.136812,6,1.136812,1.136812,1.292342
t5295,5,1,1.000000,10,1.135276,1.135276,1.288852
t5163,5,2,1.000000,9,1.135188,1.135188,1.288651
t5166,5,2,1.000000,9,1.135188,1.135188,1.288651
t5172,5,2,1.000000,9,1.135188,1.135188,1.288651
t5174,5,2,1.000000,9,1.135188,1.135188,1.288651
t5294,5,1,1.000000,9,1.135188,1.135188,1.288651
t5230,5,6,1.133893,6,1.133893,1.133893,1.285714
t5251,5,3,1.133893,4,1.109400,1.133893,1.285714
t5261,5,3,1.133893,4,1.109400,1.133893,1.285714
t5262,5,3,1.133893,4,1.000000,1.133893,1.285714
t5271,5,2,1.000000,6,1.133893,1.133893,1.285714
t5273,5,6,1.133893,6,1.133893,1.133893,1.285714
t5279,5,2,1.000000,6,1.133893,1.133893,1.285714
t5322,5,6,1.133893,6,1.133893,1.133893,1.285714
t5331,5,3,1.133893,4,1.109400,1.133893,1.285714
t5332,5,6,1.133893,6,1.133893,1.133893,1.285714
t5016,5,3,1.000000,7,1.129733,1.129733,1.276297
t5153,5,7,1.129733,7,1.129733,1.129733,1.276297
t5178,5,2,1.000000,7,1.129733,1.129733,1.276297
t5197,5,7,1.129733,7,1.129733,1.129733,1.276297
t5240,5,2,1.000000,7,1.129733,1.129733,1.276297
t5270,5,2,1.000000,7,1.129733,1.129733,1.276297
t5278,5,2,1.000000,7,1.129733,1.129733,1.276297
t5297,5,7,1.129733,7,1.129733,1.129733,1.276297
t5u014,5,7,1.129733,7,1.129733,1.129733,1.276297
t5162,5,2,1.000000,9,1.126264,1.126264,1.268471
t5165,5,2,1.000000,9,1.126264,1.126264,1.268471
t5173,5,2,1.000000,9,1.126264,1.126264,1.268471
t5175,5,2,1.000000,9,1.126264,1.126264,1.268471
t5191,5,2,1.000000,12,1.125677,1.125677,1.267148
t5192,5,2,1.000000,12,1.125677,1.125677,1.267148
t5002,5,3,1.000000,7,1.120897,1.120897,1.256410
t5007,5,3,1.000000,7,1.120897,1.120897,1.256410
t5010,5,7,1.120897,7,1.120897,1.120897,1.256410
t5018,5,3,1.000000,7,1.120897,1.120897,1.256410
t5022,5,3,1.000000,7,1.120897,1.120897,1.256410
t5235,5,7,1.120897,7,1.120897,1.120897,1.256410
t5189,5,2,1.000000,6,1.120756,1.120756,1.256095
t5193,5,2,1.000000,6,1.120756,1.120756,1.256095
t5029,5,5,1.120046,5,1.120046,1.120046,1.254503
t5199,5,3,1.000000,5,1.120046,1.120046,1.254503
t5203,5,4,1.000000,5,1.120046,1.120046,1.254503
t5296,5,3,1.000000,5,1.120046,1.120046,1.254503
t5302,5,1,1.000000,10,1.120046,1.120046,1.254503
t5306,5,1,1.000000,10,1.120046,1.120046,1.254503
t5u001,5,5,1.120046,5,1.120046,1.120046,1.254503
t5u015,5,3,1.000000,5,1.120046,1.120046,1.254503
t5169,5,2,1.000000,7,1.115302,1.115302,1.243898
t5241,5,2,1.000000,7,1.115302,1.115302,1.243898
t5269,5,2,1.000000,7,1.115302,1.115302,1.243898
t5277,5,2,1.000000,7,1.115302,1.115302,1.243898
t5135,5,1,1.000000,9,1.114183,1.114183,1.241404
t5301,5,1,1.000000,9,1.114183,1.114183,1.241404
t5304,5,1,1.000000,9,1.114183,1.114183,1.241404
t5305,5,1,1.000000,9,1.114183,1.114183,1.241404
t5161,5,2,1.000000,10,1.113086,1.113086,1.238961
t5164,5,2,1.000000,10,1.113086,1.113086,1.238961
t5120,5,2,1.000000,8,1.111705,1.111705,1.235888
t5121,5,2,1.000000,8,1.111705,1.111705,1.235888
t5122,5,2,1.000000,8,1.111705,1.111705,1.235888
t5134,5,1,1.000000,8,1.111705,1.111705,1.235888
t5148,5,8,1.111705,8,1.111705,1.111705,1.235888
t5156,5,3,1.000000,8,1.111705,1.111705,1.235888
t5158,5,8,1.111705,8,1.111705,1.111705,1.235888
t5168,5,2,1.000000,8,1.111705,1.111705,1.235888
t5176,5,2,1.000000,8,1.111705,1.111705,1.235888
t5180,5,2,1.000000,8,1.111705,1.111705,1.235888
t5182,5,2,1.000000,8,1.111705,1.111705,1.235888
t5188,5,2,1.000000,8,1.111705,1.111705,1.235888
t5286,5,8,1.111705,8,1.111705,1.111705,1.235888
t5303,5,1,1.000000,8,1.111705,1.111705,1.235888
t5u007,5,2,1.000000,8,1.111705,1.111705,1.235888
t5044,5,4,1.071797,8,1.109606,1.109606,1.231225
t5027,5,3,1.000000,4,1.109400,1.109400,1.230769
t5234,5,3,1.000000,4,1.109400,1.109400,1.230769
t5259,5,4,1.109400,4,1.109400,1.109400,1.230769
t5281,5,4,1.109400,4,1.109400,1.109400,1.230769
t5325,5,4,1.109400,4,1.109400,1.109400,1.230769
t5001,5,3,1.000000,8,1.108076,1.108076,1.227833
t5090,5,1,1.000000,10,1.101812,1.101812,1.213989
t5291,5,1,1.000000,10,1.101812,1.101812,1.213989
t5292,5,1,1.000000,10,1.101812,1.101812,1.213989
t5293,5,1,1.000000,10,1.101812,1.101812,1.213989
t5118,5,2,1.000000,8,1.101124,1.101124,1.212475
t5119,5,2,1.000000,8,1.101124,1.101124,1.212475
t5123,5,2,1.000000,8,1.101124,1.101124,1.212475
t5155,5,3,1.000000,4,1.101124,1.101124,1.212475
t5167,5,2,1.000000,8,1.101124,1.101124,1.212475
t5177,5,2,1.000000,8,1.101124,1.101124,1.212475
t5181,5,2,1.000000,8,1.101124,1.101124,1.212475
t5183,5,2,1.000000,8,1.101124,1.101124,1.212475
t5187,5,2,1.000000,8,1.101124,1.101124,1.212475
t5317,5,4,1.101124,4,1.101124,1.101124,1.212475
t5u008,5,2,1.000000,8,1.101124,1.101124,1.212475
t5u012,5,2,1.000000,8,1.101124,1.101124,1.212475
t5033,5,9,1.098076,9,1.098076,1.098076,1.205771
t5036,5,9,1.098076,9,1.098076,1.098076,1.205771
t5037,5,9,1.098076,9,1.098076,1.098076,1.205771
t5038,5,9,1.098076,9,1.098076,1.098076,1.205771
t5039,5,5,1.056624,6,1.098076,1.098076,1.205771
t5043,5,4,1.071797,6,1.098076,1.098076,1.205771
t5075,5,2,1.000000,9,1.098076,1.098076,1.205771
t5078,5,2,1.000000,9,1.098076,1.098076,1.205771
t5079,5,2,1.000000,9,1.098076,1.098076,1.205771
t5089,5,1,1.000000,9,1.098076,1.098076,1.205771
t5133,5,1,1.000000,9,1.098076,1.098076,1.205771
t5145,5,6,1.098076,6,1.098076,1.098076,1.205771
t5151,5,9,1.098076,9,1.098076,1.098076,1.205771
t5154,5,3,1.000000,6,1.098076,1.098076,1.205771
t5160,5,2,1.000000,9,1.098076,1.098076,1.205771
t5170,5,2,1.000000,9,1.098076,1.098076,1.205771
t5179,5,3,1.098076,7,1.075114,1.098076,1.205771
t5186,5,2,1.000000,6,1.098076,1.098076,1.205771
t5190,5,3,1.098076,5,1.000000,1.098076,1.205771
t5198,5,3,1.098076,5,1.000000,1.098076,1.205771
t5205,5,3,1.000000,6,1.098076,1.098076,1.205771
t5206,5,3,1.098076,6,1.083586,1.098076,1.205771
t5207,5,9,1.098076,9,1.098076,1.098076,1.205771
t5211,5,9,1.098076,9,1.098076,1.098076,1.205771
t5213,5,9,1.098076,9,1.098076,1.098076,1.205771
t5218,5,3,1.098076,5,1.056624,1.098076,1.205771
t5290,5,1,1.000000,9,1.098076,1.098076,1.205771
t5298,5,3,1.098076,5,1.092959,1.098076,1.205771
t5313,5,6,1.098076,6,1.098076,1.098076,1.205771
t5319,5,3,1.098076,4,1.071797,1.098076,1.205771
t5u004,5,4,1.071797,6,1.098076,1.098076,1.205771
t5u005,5,2,1.000000,9,1.098076,1.098076,1.205771
t5225,5,3,1.000000,5,1.091089,1.091089,1.190476
t5258,5,3,1.000000,5,1.091089,1.091089,1.190476
t5327,5,3,1.000000,5,1.091089,1.091089,1.190476
t5073,5,2,1.000000,9,1.089993,1.089993,1.188085
t5074,5,2,1.000000,9,1.089993,1.089993,1.188085
t5080,5,2,1.000000,9,1.089993,1.089993,1.188085
t5159,5,2,1.000000,9,1.089993,1.089993,1.188085
t5171,5,2,1.000000,9,1.089993,1.089993,1.188085
t5u006,5,2,1.000000,9,1.089993,1.089993,1.188085
t5088,5,1,1.000000,10,1.087411,1.087411,1.182463
t5139,5,1,1.000000,10,1.087411,1.087411,1.182463
t5194,5,2,1.000000,10,1.087411,1.087411,1.182463
t5289,5,1,1.000000,10,1.087411,1.087411,1.182463
t5300,5,1,1.000000,10,1.087411,1.087411,1.182463
t5200,5,3,1.000000,6,1.083586,1.083586,1.174159
t5224,5,3,1.000000,6,1.083586,1.083586,1.174159
t5128,5,7,1.082904,7,1.082904,1.082904,1.172681
t5184,5,2,1.000000,7,1.082904,1.082904,1.172681
t5209,5,7,1.082904,7,1.082904,1.082904,1.172681
t5210,5,7,1.082904,7,1.082904,1.082904,1.172681
t5212,5,7,1.082904,7,1.082904,1.082904,1.172681
t5215,5,7,1.082904,7,1.082904,1.082904,1.172681
t5216,5,7,1.082904,7,1.082904,1.082904,1.172681
t5288,5,7,1.082904,7,1.082904,1.082904,1.172681
t5u011,5,7,1.082904,7,1.082904,1.082904,1.172681
t5195,5,2,1.000000,5,1.081039,1.081039,1.168645
t5220,5,4,1.071797,5,1.081039,1.081039,1.168645
t5222,5,4,1.071797,5,1.081039,1.081039,1.168645
t5287,5,5,1.081039,5,1.081039,1.081039,1.168645
t5143,5,2,1.000000,6,1.080136,1.080136,1.166695
t5113,5,1,1.000000,9,1.078475,1.078475,1.163108
t5131,5,1,1.000000,9,1.078475,1.078475,1.163108
t5132,5,1,1.000000,9,1.078475,1.078475,1.163108
t5138,5,1,1.000000,9,1.078475,1.078475,1.163108
t5142,5,1,1.000000,9,1.078475,1.078475,1.163108
t5299,5,1,1.000000,9,1.078475,1.078475,1.163108
t5231,5,6,1.077632,6,1.077632,1.077632,1.161290
t5246,5,6,1.077632,6,1.077632,1.077632,1.161290
t5321,5,6,1.077632,6,1.077632,1.077632,1.161290
t5049,5,4,1.071797,7,1.076026,1.076026,1.157831
t5045,5,4,1.071797,8,1.071797,1.071797,1.148748
t5046,5,8,1.071797,8,1.071797,1.071797,1.148748
t5047,5,8,1.071797,8,1.071797,1.071797,1.148748
t5048,5,4,1.071797,6,1.046746,1.071797,1.148748
t5104,5,2,1.000000,8,1.071797,1.071797,1.148748
t5107,5,2,1.000000,8,1.071797,1.071797,1.148748
t5112,5,1,1.000000,8,1.071797,1.071797,1.148748
t5127,5,3,1.000000,4,1.071797,1.071797,1.148748
t5130,5,1,1.000000,8,1.071797,1.071797,1.148748
t5217,5,8,1.071797,8,1.071797,1.071797,1.148748
t5221,5,4,1.071797,4,1.071797,1.071797,1.148748
t5223,5,8,1.071797,8,1.071797,1.071797,1.148748
t5069,5,1,1.000000,10,1.070261,1.070261,1.145459
t5085,5,1,1.000000,10,1.070261,1.070261,1.145459
t5087,5,1,1.000000,10,1.070261,1.070261,1.145459
t5137,5,1,1.000000,10,1.070261,1.070261,1.145459
t5141,5,1,1.000000,10,1.070261,1.070261,1.145459
t5185,5,2,1.000000,7,1.070174,1.070174,1.145272
t5059,5,2,1.000000,9,1.063314,1.063314,1.130637
t5062,5,2,1.000000,9,1.063314,1.063314,1.130637
t5068,5,1,1.000000,9,1.063314,1.063314,1.130637
t5071,5,2,1.000000,9,1.063314,1.063314,1.130637
t5076,5,2,1.000000,9,1.063314,1.063314,1.130637
t5084,5,1,1.000000,9,1.063314,1.063314,1.130637
t5086,5,1,1.000000,9,1.063314,1.063314,1.130637
t5102,5,2,1.000000,9,1.063314,1.063314,1.130637
t5105,5,2,1.000000,9,1.063314,1.063314,1.130637
t5111,5,1,1.000000,9,1.063314,1.063314,1.130637
t5129,5,1,1.000000,9,1.063314,1.063314,1.130637
t5140,5,1,1.000000,9,1.063314,1.063314,1.130637
t5103,5,2,1.000000,8,1.062305,1.062305,1.128493
t5108,5,2,1.000000,8,1.062305,1.062305,1.128493
t5117,5,2,1.000000,8,1.062305,1.062305,1.128493
t5124,5,2,1.000000,8,1.062305,1.062305,1.128493
t5u009,5,2,1.000000,8,1.062305,1.062305,1.128493
t5032,5,10,1.056624,10,1.056624,1.056624,1.116455
t5040,5,10,1.056624,10,1.056624,1.056624,1.116455
t5041,5,10,1.056624,10,1.056624,1.056624,1.116455
t5042,5,10,1.056624,10,1.056624,1.056624,1.116455
t5057,5,2,1.000000,10,1.056624,1.056624,1.116455
t5060,5,2,1.000000,10,1.056624,1.056624,1.116455
t5067,5,1,1.000000,10,1.056624,1.056624,1.116455
t5083,5,1,1.000000,10,1.056624,1.056624,1.116455
t5092,5,3,1.000000,5,1.056624,1.056624,1.116455
t5116,5,1,1.000000,10,1.056624,1.056624,1.116455
t5136,5,1,1.000000,10,1.056624,1.056624,1.116455
t5146,5,5,1.056624,5,1.056624,1.056624,1.116455
t5058,5,2,1.000000,9,1.055970,1.055970,1.115073
t5063,5,2,1.000000,9,1.055970,1.055970,1.115073
t5070,5,2,1.000000,9,1.055970,1.055970,1.115073
t5077,5,2,1.000000,9,1.055970,1.055970,1.115073
t5101,5,2,1.000000,9,1.055970,1.055970,1.115073
t5106,5,2,1.000000,9,1.055970,1.055970,1.115073
t5056,5,2,1.000000,10,1.050775,1.050775,1.104128
t5061,5,2,1.000000,10,1.050775,1.050775,1.104128
t5072,5,2,1.000000,10,1.050775,1.050775,1.104128
t5094,5,6,1.046746,6,1.046746,1.046746,1.095677
t5307,5,6,1.046746,6,1.046746,1.046746,1.095677
t5314,5,6,1.046746,6,1.046746,1.046746,1.095677
t5316,5,6,1.046746,6,1.046746,1.046746,1.095677
t5100,5,1,1.000000,9,1.044980,1.044980,1.091984
t5110,5,1,1.000000,9,1.044980,1.044980,1.091984
t5115,5,1,1.000000,9,1.044980,1.044980,1.091984
t5055,5,1,1.000000,10,1.040465,1.040465,1.082567
t5066,5,1,1.000000,10,1.040465,1.040465,1.082567
t5082,5,1,1.000000,10,1.040465,1.040465,1.082567
t5114,5,1,1.000000,10,1.040465,1.040465,1.082567
t5149,5,7,1.039802,7,1.039802,1.039802,1.081188
t5196,5,7,1.039802,7,1.039802,1.039802,1.081188
t5208,5,7,1.039802,7,1.039802,1.039802,1.081188
t5214,5,7,1.039802,7,1.039802,1.039802,1.081188
t5u013,5,7,1.039802,7,1.039802,1.039802,1.081188
t5091,5,3,1.000000,6,1.035276,1.035276,1.071797
t5093,5,6,1.035276,6,1.035276,1.035276,1.071797
t5308,5,2,1.035276,5,1.022151,1.035276,1.071797
t5309,5,2,1.035276,10,1.035276,1.035276,1.071797
t5310,5,2,1.035276,5,1.033793,1.035276,1.071797
t5311,5,2,1.035276,10,1.035276,1.035276,1.071797
t5312,5,2,1.035276,5,1.033793,1.035276,1.071797
t5315,5,2,1.035276,10,1.035276,1.035276,1.071797
t5035,5,8,1.034654,8,1.034654,1.034654,1.070510
t5097,5,2,1.000000,8,1.034654,1.034654,1.070510
t5099,5,1,1.000000,8,1.034654,1.034654,1.070510
t5109,5,1,1.000000,8,1.034654,1.034654,1.070510
t5147,5,8,1.034654,8,1.034654,1.034654,1.070510
t5157,5,8,1.034654,8,1.034654,1.034654,1.070510
t5285,5,8,1.034654,8,1.034654,1.034654,1.070510
t5u003,5,8,1.034654,8,1.034654,1.034654,1.070510
t5126,5,3,1.000000,5,1.033793,1.033793,1.068728
t5204,5,3,1.000000,5,1.033793,1.033793,1.068728
t5034,5,9,1.030686,9,1.030686,1.030686,1.062313
t5052,5,2,1.000000,9,1.030686,1.030686,1.062313
t5054,5,1,1.000000,9,1.030686,1.030686,1.062313
t5064,5,1,1.000000,9,1.030686,1.030686,1.062313
t5081,5,1,1.000000,9,1.030686,1.030686,1.062313
t5098,5,1,1.000000,9,1.030686,1.030686,1.062313
t5053,5,1,1.000000,10,1.027533,1.027533,1.055823
t5065,5,1,1.000000,10,1.027533,1.027533,1.055823
t5096,5,2,1.000000,8,1.026108,1.026108,1.052898
t5150,5,4,1.026108,4,1.026108,1.026108,1.052898
t5051,5,2,1.000000,9,1.023993,1.023993,1.048561
t5202,5,4,1.000000,5,1.022151,1.022151,1.044792
t5095,5,1,1.000000,9,1.013501,1.013501,1.027184
t5050,5,1,1.000000,10,1.012280,1.012280,1.024711
t5009,5,7,1.000000,7,1.000000,1.000000,1.000000
t5011,5,6,1.000000,6,1.000000,1.000000,1.000000
t5025,5,7,1.000000,7,1.000000,1.000000,1.000000
t5028,5,5,1.000000,5,1.000000,1.000000,1.000000
t5227,5,6,1.000000,6,1.000000,1.000000,1.000000
t5228,5,5,1.000000,5,1.000000,1.000000,1.000000
t5252,5,4,1.000000,4,1.000000,1.000000,1.000000
t5260,5,4,1.000000,4,1.000000,1.000000,1.000000
t5266,5,6,1.000000,6,1.000000,1.000000,1.000000
t5268,5,6,1.000000,6,1.000000,1.000000,1.000000
t5282,5,5,1.000000,5,1.000000,1.000000,1.000000
t6268,6,8,1.295653,8,1.295653,1.295653,1.678717
t6456,6,5,1.232256,5,1.232256,1.232256,1.518455
t6472,6,5,1.232256,5,1.232256,1.232256,1.518455
t6369,6,5,1.215247,5,1.215247,1.215247,1.476825
t6660,6,4,1.195434,8,1.195434,1.195434,1.429062
t6649,6,2,1.035276,7,1.193624,1.193624,1.424737
t6266,6,4,1.000000,6,1.167919,1.167919,1.364034
t6630,6,5,1.157474,5,1.157474,1.157474,1.339746
t6003,6,3,1.000000,10,1.154701,1.154701,1.333333
t6004,6,3,1.000000,10,1.154701,1.154701,1.333333
t6008,6,8,1.154701,8,1.154701,1.154701,1.333333
t6010,6,2,1.154701,9,1.053370,1.154701,1.333333
t6011,6,2,1.154701,8,1.059626,1.154701,1.333333
t6012,6,2,1.154701,8,1.000000,1.154701,1.333333
t6019,6,3,1.000000,8,1.154701,1.154701,1.333333
t6024,6,8,1.154701,8,1.154701,1.154701,1.333333
t6026,6,8,1.154701,8,1.154701,1.154701,1.333333
t6027,6,8,1.154701,8,1.154701,1.154701,1.333333
t6031,6,2,1.154701,9,1.053370,1.154701,1.333333
t6032,6,2,1.154701,8,1.059626,1.154701,1.333333
t6033,6,2,1.154701,8,1.000000,1.154701,1.333333
t6034,6,2,1.154701,8,1.059626,1.154701,1.333333
t6035,6,2,1.154701,7,1.067490,1.154701,1.333333
t6036,6,2,1.154701,7,1.000000,1.154701,1.333333
t6038,6,3,1.000000,8,1.154701,1.154701,1.333333
t6041,6,3,1.000000,8,1.154701,1.154701,1.333333
t6042,6,2,1.154701,8,1.000000,1.154701,1.333333
t6043,6,2,1.154701,9,1.053370,1.154701,1.333333
t6044,6,2,1.154701,8,1.000000,1.154701,1.333333
t6045,6,2,1.154701,7,1.000000,1.154701,1.333333
t6046,6,2,1.154701,8,1.059626,1.154701,1.333333
t6048,6,8,1.154701,8,1.154701,1.154701,1.333333
t6056,6,3,1.000000,6,1.154701,1.154701,1.333333
t6059,6,4,1.154701,5,1.000000,1.154701,1.333333
t6062,6,4,1.154701,6,1.133893,1.154701,1.333333
t6067,6,8,1.154701,8,1.154701,1.154701,1.333333
t6068,6,8,1.154701,8,1.154701,1.154701,1.333333
t6069,6,3,1.000000,10,1.154701,1.154701,1.333333
t6070,6,2,1.154701,8,1.059626,1.154701,1.333333
t6071,6,3,1.000000,8,1.154701,1.154701,1.333333
t6078,6,4,1.154701,6,1.133893,1.154701,1.333333
t6079,6,4,1.000000,6,1.154701,1.154701,1.333333
t6080,6,4,1.154701,5,1.000000,1.154701,1.333333
t6502,6,3,1.000000,8,1.154701,1.154701,1.333333
t6504,6,8,1.154701,8,1.154701,1.154701,1.333333
t6510,6,4,1.154701,6,1.000000,1.154701,1.333333
t6515,6,3,1.000000,10,1.154701,1.154701,1.333333
t6516,6,2,1.000000,10,1.154701,1.154701,1.333333
t6519,6,2,1.000000,10,1.154701,1.154701,1.333333
t6520,6,2,1.000000,10,1.154701,1.154701,1.333333
t6525,6,2,1.000000,8,1.154701,1.154701,1.333333
t6527,6,2,1.154701,7,1.000000,1.154701,1.333333
t6528,6,2,1.154701,8,1.059626,1.154701,1.333333
t6533,6,2,1.000000,8,1.154701,1.154701,1.333333
t6535,6,2,1.000000,10,1.154701,1.154701,1.333333
t6536,6,4,1.154701,5,1.000000,1.154701,1.333333
t6537,6,4,1.154701,6,1.133893,1.154701,1.333333
t6543,6,4,1.000000,6,1.154701,1.154701,1.333333
t6544,6,4,1.154701,7,1.000000,1.154701,1.333333
t6545,6,4,1.154701,4,1.109400,1.154701,1.333333
t6546,6,2,1.154701,7,1.000000,1.154701,1.333333
t6547,6,2,1.154701,6,1.000000,1.154701,1.333333
t6548,6,2,1.154701,7,1.067490,1.154701,1.333333
t6551,6,2,1.000000,14,1.154701,1.154701,1.333333
t6553,6,5,1.000000,6,1.154701,1.154701,1.333333
t6555,6,2,1.154701,6,1.000000,1.154701,1.333333
t6556,6,2,1.154701,7,1.067490,1.154701,1.333333
t6564,6,4,1.154701,4,1.109400,1.154701,1.333333
t6565,6,4,1.154701,7,1.000000,1.154701,1.333333
t6566,6,2,1.154701,7,1.067490,1.154701,1.333333
t6567,6,2,1.154701,7,1.000000,1.154701,1.333333
t6568,6,2,1.154701,7,1.067490,1.154701,1.333333
t6569,6,8,1.154701,8,1.154701,1.154701,1.333333
t6570,6,8,1.154701,8,1.154701,1.154701,1.333333
t6574,6,2,1.000000,10,1.154701,1.154701,1.333333
t6577,6,2,1.000000,8,1.154701,1.154701,1.333333
t6579,6,2,1.000000,14,1.154701,1.154701,1.333333
t6582,6,2,1.000000,8,1.154701,1.154701,1.333333
t6583,6,8,1.154701,8,1.154701,1.154701,1.333333
t6588,6,4,1.154701,4,1.000000,1.154701,1.333333
t6589,6,4,1.000000,6,1.154701,1.154701,1.333333
t6590,6,4,1.154701,5,1.000000,1.154701,1.333333
t6591,6,2,1.000000,14,1.154701,1.154701,1.333333
t6594,6,4,1.154701,5,1.147079,1.154701,1.333333
t6595,6,8,1.154701,8,1.154701,1.154701,1.333333
t6597,6,2,1.000000,12,1.154701,1.154701,1.333333
t6598,6,4,1.154701,5,1.147079,1.154701,1.333333
t6599,6,4,1.154701,4,1.000000,1.154701,1.333333
t6601,6,4,1.154701,7,1.000000,1.154701,1.333333
t6606,6,3,1.000000,8,1.154701,1.154701,1.333333
t6607,6,2,1.000000,14,1.154701,1.154701,1.333333
t6669,6,4,1.154701,5,1.147079,1.154701,1.333333
t6508,6,7,1.150793,7,1.150793,1.150793,1.324324
t6526,6,2,1.000000,7,1.150793,1.150793,1.324324
t6540,6,7,1.150793,7,1.150793,1.150793,1.324324
t6552,6,2,1.000000,7,1.150793,1.150793,1.324324
t6592,6,2,1.000000,7,1.150793,1.150793,1.324324
t6605,6,7,1.150793,7,1.150793,1.150793,1.324324
t6608,6,2,1.000000,7,1.150793,1.150793,1.324324
t6666,6,7,1.150793,7,1.150793,1.150793,1.324324
t6051,6,3,1.000000,5,1.147079,1.147079,1.315789
t6063,6,5,1.147079,5,1.147079,1.147079,1.315789
t6065,6,3,1.000000,5,1.147079,1.147079,1.315789
t6077,6,5,1.147079,5,1.147079,1.147079,1.315789
t6511,6,5,1.147079,5,1.147079,1.147079,1.315789
t6512,6,3,1.000000,5,1.147079,1.147079,1.315789
t6517,6,2,1.000000,10,1.147079,1.147079,1.315789
t6521,6,2,1.000000,10,1.147079,1.147079,1.315789
t6529,6,2,1.000000,10,1.147079,1.147079,1.315789
t6530,6,2,1.000000,10,1.147079,1.147079,1.315789
t6534,6,2,1.000000,10,1.147079,1.147079,1.315789
t6542,6,3,1.133893,5,1.147079,1.147079,1.315789
t6554,6,5,1.147079,5,1.147079,1.147079,1.315789
t6558,6,3,1.133893,5,1.147079,1.147079,1.315789
t6586,6,5,1.147079,5,1.147079,1.147079,1.315789
t6596,6,5,1.147079,5,1.147079,1.147079,1.315789
t6600,6,3,1.133893,5,1.147079,1.147079,1.315789
t6671,6,3,1.133893,5,1.147079,1.147079,1.315789
t6009,6,8,1.142857,8,1.142857,1.142857,1.306122
t6524,6,2,1.000000,8,1.142857,1.142857,1.306122
t6578,6,2,1.000000,8,1.142857,1.142857,1.306122
t6593,6,2,1.000000,8,1.142857,1.142857,1.306122
t6604,6,2,1.000000,8,1.142857,1.142857,1.306122
t6628,6,1,1.000000,12,1.138720,1.138720,1.296683
t6404,6,2,1.000000,11,1.138686,1.138686,1.296607
t6407,6,2,1.000000,11,1.138686,1.138686,1.296607
t6419,6,2,1.000000,11,1.138686,1.138686,1.296607
t6420,6,2,1.000000,11,1.138686,1.138686,1.296607
t6422,6,2,1.000000,11,1.138686,1.138686,1.296607
t6423,6,2,1.000000,11,1.138686,1.138686,1.296607
t6627,6,1,1.000000,11,1.138686,1.138686,1.296607
t6492,6,6,1.136812,6,1.136812,1.136812,1.292342
t6664,6,3,1.098076,6,1.136812,1.136812,1.292342
t6007,6,9,1.135188,9,1.135188,1.135188,1.288651
t6037,6,3,1.000000,9,1.135188,1.135188,1.288651
t6410,6,2,1.000000,9,1.135188,1.135188,1.288651
t6428,6,2,1.000000,9,1.135188,1.135188,1.288651
t6523,6,2,1.000000,9,1.135188,1.135188,1.288651
t6531,6,2,1.000000,9,1.135188,1.135188,1.288651
t6575,6,2,1.000000,9,1.135188,1.135188,1.288651
t6580,6,2,1.000000,9,1.135188,1.135188,1.288651
t6603,6,2,1.000000,9,1.135188,1.135188,1.288651
t6002,6,3,1.000000,9,1.133893,1.133893,1.285714
t6005,6,3,1.000000,9,1.133893,1.133893,1.285714
t6016,6,3,1.000000,9,1.133893,1.133893,1.285714
t6039,6,3,1.000000,9,1.133893,1.133893,1.285714
t6040,6,3,1.000000,9,1.133893,1.133893,1.285714
t6513,6,3,1.133893,5,1.091089,1.133893,1.285714
t6541,6,3,1.133893,4,1.000000,1.133893,1.285714
t6549,6,3,1.133893,5,1.091089,1.133893,1.285714
t6550,6,3,1.133893,5,1.000000,1.133893,1.285714
t6559,6,3,1.133893,5,1.091089,1.133893,1.285714
t6672,6,3,1.133893,4,1.000000,1.133893,1.285714
t6402,6,2,1.000000,11,1.132634,1.132634,1.282860
t6403,6,2,1.000000,11,1.132634,1.132634,1.282860
t6405,6,2,1.000000,11,1.132634,1.132634,1.282860
t6406,6,2,1.000000,11,1.132634,1.132634,1.282860
t6421,6,2,1.000000,11,1.132634,1.132634,1.282860
t6424,6,2,1.000000,11,1.132634,1.132634,1.282860
t6381,6,4,1.071797,6,1.131384,1.131384,1.280029
t6055,6,3,1.000000,7,1.129733,1.129733,1.276297
t6387,6,3,1.000000,7,1.129733,1.129733,1.276297
t6466,6,3,1.000000,7,1.129733,1.129733,1.276297
t6473,6,7,1.129733,7,1.129733,1.129733,1.276297
t6631,6,7,1.129733,7,1.129733,1.129733,1.276297
t6u009,6,7,1.129733,7,1.129733,1.129733,1.276297
t6411,6,2,1.000000,9,1.126264,1.126264,1.268471
t6427,6,2,1.000000,9,1.126264,1.126264,1.268471
t6522,6,2,1.000000,9,1.126264,1.126264,1.268471
t6532,6,2,1.000000,9,1.126264,1.126264,1.268471
t6576,6,2,1.000000,9,1.126264,1.126264,1.268471
t6581,6,2,1.000000,9,1.126264,1.126264,1.268471
t6602,6,2,1.000000,9,1.126264,1.126264,1.268471
t6638,6,1,1.000000,12,1.125677,1.125677,1.267148
t6643,6,1,1.000000,12,1.125677,1.125677,1.267148
t6334,6,1,1.000000,11,1.121650,1.121650,1.258098
t6637,6,1,1.000000,11,1.121650,1.121650,1.258098
t6641,6,1,1.000000,11,1.121650,1.121650,1.258098
t6642,6,1,1.000000,11,1.121650,1.121650,1.258098
t6644,6,1,1.000000,11,1.121650,1.121650,1.258098
t6001,6,3,1.000000,10,1.120921,1.120921,1.256464
t6018,6,3,1.000000,7,1.120897,1.120897,1.256410
t6029,6,7,1.120897,7,1.120897,1.120897,1.256410
t6050,6,7,1.120897,7,1.120897,1.120897,1.256410
t6057,6,3,1.000000,7,1.120897,1.120897,1.256410
t6073,6,7,1.120897,7,1.120897,1.120897,1.256410
t6076,6,7,1.120897,7,1.120897,1.120897,1.256410
t6501,6,3,1.000000,7,1.120897,1.120897,1.256410
t6503,6,3,1.000000,7,1.120897,1.120897,1.256410
t6506,6,7,1.120897,7,1.120897,1.120897,1.256410
t6509,6,3,1.000000,7,1.120897,1.120897,1.256410
t6514,6,7,1.120897,7,1.120897,1.120897,1.256410
t6561,6,3,1.000000,7,1.120897,1.120897,1.256410
t6572,6,7,1.120897,7,1.120897,1.120897,1.256410
t6058,6,5,1.120046,6,1.120756,1.120756,1.256095
t6497,6,3,1.098076,7,1.120143,1.120143,1.254719
t6082,6,10,1.120046,10,1.120046,1.120046,1.254503
t6083,6,10,1.120046,10,1.120046,1.120046,1.254503
t6275,6,2,1.000000,10,1.120046,1.120046,1.254503
t6279,6,2,1.000000,10,1.120046,1.120046,1.254503
t6288,6,2,1.000000,10,1.120046,1.120046,1.254503
t6292,6,2,1.000000,10,1.120046,1.120046,1.254503
t6333,6,1,1.000000,10,1.120046,1.120046,1.254503
t6408,6,2,1.000000,10,1.120046,1.120046,1.254503
t6426,6,2,1.000000,10,1.120046,1.120046,1.254503
t6431,6,2,1.000000,10,1.120046,1.120046,1.254503
t6432,6,2,1.000000,10,1.120046,1.120046,1.254503
t6435,6,2,1.000000,10,1.120046,1.120046,1.254503
t6436,6,2,1.000000,10,1.120046,1.120046,1.254503
t6451,6,2,1.000000,10,1.120046,1.120046,1.254503
t6453,6,2,1.000000,5,1.120046,1.120046,1.254503
t6467,6,4,1.000000,5,1.120046,1.120046,1.254503
t6475,6,5,1.120046,5,1.120046,1.120046,1.254503
t6640,6,1,1.000000,10,1.120046,1.120046,1.254503
t6u002,6,10,1.120046,10,1.120046,1.120046,1.254503
t6u010,6,5,1.120046,5,1.120046,1.120046,1.254503
t6274,6,2,1.000000,10,1.113086,1.113086,1.238961
t6278,6,2,1.000000,10,1.113086,1.113086,1.238961
t6289,6,2,1.000000,10,1.113086,1.113086,1.238961
t6293,6,2,1.000000,10,1.113086,1.113086,1.238961
t6409,6,2,1.000000,10,1.113086,1.113086,1.238961
t6425,6,2,1.000000,10,1.113086,1.113086,1.238961
t6433,6,2,1.000000,10,1.113086,1.113086,1.238961
t6434,6,2,1.000000,10,1.113086,1.113086,1.238961
t6437,6,2,1.000000,10,1.113086,1.113086,1.238961
t6438,6,2,1.000000,10,1.113086,1.113086,1.238961
t6445,6,2,1.000000,10,1.113086,1.113086,1.238961
t6449,6,2,1.000000,10,1.113086,1.113086,1.238961
t6015,6,3,1.000000,8,1.111705,1.111705,1.235888
t6021,6,8,1.111705,8,1.111705,1.111705,1.235888
t6296,6,2,1.000000,8,1.111705,1.111705,1.235888
t6316,6,8,1.111705,8,1.111705,1.111705,1.235888
t6336,6,2,1.000000,8,1.111705,1.111705,1.235888
t6361,6,2,1.000000,8,1.111705,1.111705,1.235888
t6380,6,8,1.111705,8,1.111705,1.111705,1.235888
t6391,6,8,1.111705,8,1.111705,1.111705,1.235888
t6442,6,2,1.000000,8,1.111705,1.111705,1.235888
t6446,6,2,1.000000,8,1.111705,1.111705,1.235888
t6483,6,8,1.111705,8,1.111705,1.111705,1.235888
t6487,6,8,1.111705,8,1.111705,1.111705,1.235888
t6u001,6,8,1.111705,8,1.111705,1.111705,1.235888
t6210,6,1,1.000000,12,1.110514,1.110514,1.233242
t6621,6,1,1.000000,12,1.110514,1.110514,1.233242
t6624,6,1,1.000000,12,1.110514,1.110514,1.233242
t6626,6,1,1.000000,12,1.110514,1.110514,1.233242
t6066,6,4,1.109400,4,1.000000,1.109400,1.230769
t6562,6,3,1.000000,4,1.109400,1.109400,1.230769
t6563,6,4,1.109400,4,1.109400,1.109400,1.230769
t6673,6,3,1.000000,4,1.109400,1.109400,1.230769
t6017,6,3,1.000000,8,1.108076,1.108076,1.227833
t6388,6,3,1.000000,8,1.108076,1.108076,1.227833
t6465,6,3,1.000000,8,1.108076,1.108076,1.227833
t6084,6,11,1.107955,11,1.107955,1.107955,1.227564
t6168,6,2,1.000000,11,1.107955,1.107955,1.227564
t6172,6,2,1.000000,11,1.107955,1.107955,1.227564
t6183,6,2,1.000000,11,1.107955,1.107955,1.227564
t6187,6,2,1.000000,11,1.107955,1.107955,1.227564
t6209,6,1,1.000000,11,1.107955,1.107955,1.227564
t6273,6,2,1.000000,11,1.107955,1.107955,1.227564
t6277,6,2,1.000000,11,1.107955,1.107955,1.227564
t6286,6,2,1.000000,11,1.107955,1.107955,1.227564
t6290,6,2,1.000000,11,1.107955,1.107955,1.227564
t6332,6,1,1.000000,11,1.107955,1.107955,1.227564
t6395,6,2,1.000000,11,1.107955,1.107955,1.227564
t6398,6,2,1.000000,11,1.107955,1.107955,1.227564
t6412,6,2,1.000000,11,1.107955,1.107955,1.227564
t6414,6,2,1.000000,11,1.107955,1.107955,1.227564
t6620,6,1,1.000000,11,1.107955,1.107955,1.227564
t6623,6,1,1.000000,11,1.107955,1.107955,1.227564
t6625,6,1,1.000000,11,1.107955,1.107955,1.227564
t6090,6,5,1.056624,8,1.106757,1.106757,1.224911
t6099,6,8,1.106757,8,1.106757,1.106757,1.224911
t6301,6,2,1.000000,14,1.105823,1.105823,1.222844
t6458,6,2,1.000000,14,1.105823,1.105823,1.222844
t6306,6,2,1.000000,7,1.102389,1.102389,1.215262
t6457,6,2,1.000000,7,1.102389,1.102389,1.215262
t6167,6,2,1.000000,11,1.102377,1.102377,1.215235
t6171,6,2,1.000000,11,1.102377,1.102377,1.215235
t6184,6,2,1.000000,11,1.102377,1.102377,1.215235
t6188,6,2,1.000000,11,1.102377,1.102377,1.215235
t6272,6,2,1.000000,11,1.102377,1.102377,1.215235
t6276,6,2,1.000000,11,1.102377,1.102377,1.215235
t6287,6,2,1.000000,11,1.102377,1.102377,1.215235
t6291,6,2,1.000000,11,1.102377,1.102377,1.215235
t6394,6,2,1.000000,11,1.102377,1.102377,1.215235
t6397,6,2,1.000000,11,1.102377,1.102377,1.215235
t6413,6,2,1.000000,11,1.102377,1.102377,1.215235
t6415,6,2,1.000000,11,1.102377,1.102377,1.215235
t6282,6,2,1.000000,8,1.101124,1.101124,1.212475
t6335,6,2,1.000000,8,1.101124,1.101124,1.212475
t6360,6,2,1.000000,8,1.101124,1.101124,1.212475
t6441,6,2,1.000000,8,1.101124,1.101124,1.212475
t6450,6,2,1.000000,8,1.101124,1.101124,1.212475
t6478,6,3,1.098076,4,1.101124,1.101124,1.212475
t6106,6,4,1.071797,9,1.100273,1.100273,1.210600
t6111,6,4,1.071797,9,1.100273,1.100273,1.210600
t6020,6,9,1.098076,9,1.098076,1.098076,1.205771
t6052,6,3,1.000000,6,1.098076,1.098076,1.205771
t6088,6,9,1.098076,9,1.098076,1.098076,1.205771
t6091,6,5,1.056624,6,1.098076,1.098076,1.205771
t6096,6,6,1.098076,6,1.098076,1.098076,1.205771
t6104,6,5,1.056624,6,1.098076,1.098076,1.205771
t6105,6,6,1.098076,6,1.098076,1.098076,1.205771
t6110,6,4,1.071797,6,1.098076,1.098076,1.205771
t6166,6,2,1.000000,12,1.098076,1.098076,1.205771
t6170,6,2,1.000000,12,1.098076,1.098076,1.205771
t6181,6,2,1.000000,12,1.098076,1.098076,1.205771
t6185,6,2,1.000000,12,1.098076,1.098076,1.205771
t6191,6,2,1.000000,9,1.098076,1.098076,1.205771
t6208,6,1,1.000000,12,1.098076,1.098076,1.205771
t6212,6,2,1.000000,9,1.098076,1.098076,1.205771
t6214,6,9,1.098076,9,1.098076,1.098076,1.205771
t6281,6,2,1.000000,9,1.098076,1.098076,1.205771
t6294,6,2,1.000000,9,1.098076,1.098076,1.205771
t6314,6,4,1.000000,6,1.098076,1.098076,1.205771
t6343,6,1,1.000000,12,1.098076,1.098076,1.205771
t6356,6,1,1.000000,12,1.098076,1.098076,1.205771
t6359,6,2,1.000000,9,1.098076,1.098076,1.205771
t6366,6,2,1.000000,6,1.098076,1.098076,1.205771
t6370,6,6,1.098076,6,1.098076,1.098076,1.205771
t6375,6,9,1.098076,9,1.098076,1.098076,1.205771
t6378,6,9,1.098076,9,1.098076,1.098076,1.205771
t6382,6,4,1.071797,6,1.098076,1.098076,1.205771
t6383,6,9,1.098076,9,1.098076,1.098076,1.205771
t6385,6,9,1.098076,9,1.098076,1.098076,1.205771
t6386,6,9,1.098076,9,1.098076,1.098076,1.205771
t6418,6,2,1.000000,9,1.098076,1.098076,1.205771
t6429,6,3,1.098076,7,1.000000,1.098076,1.205771
t6440,6,2,1.000000,9,1.098076,1.098076,1.205771
t6443,6,2,1.000000,9,1.098076,1.098076,1.205771
t6448,6,2,1.000000,9,1.098076,1.098076,1.205771
t6454,6,3,1.098076,6,1.000000,1.098076,1.205771
t6455,6,3,1.098076,7,1.075114,1.098076,1.205771
t6459,6,3,1.098076,7,1.039802,1.098076,1.205771
t6460,6,3,1.098076,6,1.046746,1.098076,1.205771
t6462,6,3,1.098076,6,1.000000,1.098076,1.205771
t6463,6,3,1.098076,7,1.075114,1.098076,1.205771
t6469,6,3,1.098076,7,1.039802,1.098076,1.205771
t6470,6,3,1.098076,6,1.046746,1.098076,1.205771
t6476,6,3,1.098076,7,1.075114,1.098076,1.205771
t6479,6,3,1.098076,7,1.039802,1.098076,1.205771
t6484,6,9,1.098076,9,1.098076,1.098076,1.205771
t6491,6,3,1.098076,6,1.046746,1.098076,1.205771
t6498,6,9,1.098076,9,1.098076,1.098076,1.205771
t6610,6,9,1.098076,9,1.098076,1.098076,1.205771
t6612,6,9,1.098076,9,1.098076,1.098076,1.205771
t6613,6,9,1.098076,9,1.098076,1.098076,1.205771
t6614,6,9,1.098076,9,1.098076,1.098076,1.205771
t6619,6,1,1.000000,12,1.098076,1.098076,1.205771
t6634,6,1,1.000000,12,1.098076,1.098076,1.205771
t6636,6,1,1.000000,12,1.098076,1.098076,1.205771
t6645,6,3,1.098076,6,1.083586,1.098076,1.205771
t6662,6,3,1.098076,5,1.056624,1.098076,1.205771
t6165,6,2,1.000000,12,1.093508,1.093508,1.195759
t6169,6,2,1.000000,12,1.093508,1.093508,1.195759
t6182,6,2,1.000000,12,1.093508,1.093508,1.195759
t6186,6,2,1.000000,12,1.093508,1.093508,1.195759
t6393,6,2,1.000000,12,1.093508,1.093508,1.195759
t6396,6,2,1.000000,12,1.093508,1.093508,1.195759
t6064,6,3,1.000000,5,1.092959,1.092959,1.194560
t6392,6,5,1.092959,5,1.092959,1.092959,1.194560
t6452,6,2,1.000000,5,1.092959,1.092959,1.194560
t6461,6,5,1.092959,5,1.092959,1.092959,1.194560
t6u007,6,5,1.092959,5,1.092959,1.092959,1.194560
t6253,6,1,1.000000,11,1.091856,1.091856,1.192148
t6326,6,1,1.000000,11,1.091856,1.091856,1.192148
t6330,6,1,1.000000,11,1.091856,1.091856,1.192148
t6331,6,1,1.000000,11,1.091856,1.091856,1.192148
t6342,6,1,1.000000,11,1.091856,1.091856,1.192148
t6353,6,1,1.000000,11,1.091856,1.091856,1.192148
t6355,6,1,1.000000,11,1.091856,1.091856,1.192148
t6633,6,1,1.000000,11,1.091856,1.091856,1.192148
t6635,6,1,1.000000,11,1.091856,1.091856,1.192148
t6639,6,1,1.000000,11,1.091856,1.091856,1.192148
t6047,6,5,1.091089,5,1.091089,1.091089,1.190476
t6049,6,5,1.091089,5,1.091089,1.091089,1.190476
t6072,6,5,1.091089,5,1.091089,1.091089,1.190476
t6538,6,5,1.091089,5,1.091089,1.091089,1.190476
t6587,6,5,1.091089,5,1.091089,1.091089,1.190476
t6175,6,2,1.000000,9,1.089993,1.089993,1.188085
t6211,6,2,1.000000,9,1.089993,1.089993,1.188085
t6280,6,2,1.000000,9,1.089993,1.089993,1.188085
t6295,6,2,1.000000,9,1.089993,1.089993,1.188085
t6358,6,2,1.000000,9,1.089993,1.089993,1.188085
t6401,6,2,1.000000,9,1.089993,1.089993,1.188085
t6439,6,2,1.000000,9,1.089993,1.089993,1.188085
t6444,6,2,1.000000,9,1.089993,1.089993,1.188085
t6447,6,2,1.000000,9,1.089993,1.089993,1.188085
t6174,6,2,1.000000,10,1.087411,1.087411,1.182463
t6189,6,2,1.000000,10,1.087411,1.087411,1.182463
t6239,6,2,1.000000,10,1.087411,1.087411,1.182463
t6242,6,2,1.000000,10,1.087411,1.087411,1.182463
t6243,6,2,1.000000,10,1.087411,1.087411,1.182463
t6252,6,1,1.000000,10,1.087411,1.087411,1.182463
t6271,6,2,1.000000,10,1.087411,1.087411,1.182463
t6283,6,2,1.000000,10,1.087411,1.087411,1.182463
t6284,6,2,1.000000,10,1.087411,1.087411,1.182463
t6299,6,2,1.000000,10,1.087411,1.087411,1.182463
t6304,6,2,1.000000,10,1.087411,1.087411,1.182463
t6312,6,2,1.000000,10,1.087411,1.087411,1.182463
t6325,6,1,1.000000,10,1.087411,1.087411,1.182463
t6329,6,1,1.000000,10,1.087411,1.087411,1.182463
t6352,6,1,1.000000,10,1.087411,1.087411,1.182463
t6400,6,2,1.000000,10,1.087411,1.087411,1.182463
t6416,6,2,1.000000,10,1.087411,1.087411,1.182463
t6159,6,1,1.000000,12,1.083671,1.083671,1.174343
t6200,6,1,1.000000,12,1.083671,1.083671,1.174343
t6205,6,1,1.000000,12,1.083671,1.083671,1.174343
t6207,6,1,1.000000,12,1.083671,1.083671,1.174343
t6341,6,1,1.000000,12,1.083671,1.083671,1.174343
t6347,6,1,1.000000,12,1.083671,1.083671,1.174343
t6354,6,1,1.000000,12,1.083671,1.083671,1.174343
t6617,6,1,1.000000,12,1.083671,1.083671,1.174343
t6618,6,1,1.000000,12,1.083671,1.083671,1.174343
t6622,6,1,1.000000,12,1.083671,1.083671,1.174343
t6053,6,3,1.000000,7,1.082904,1.082904,1.172681
t6109,6,4,1.071797,7,1.082904,1.082904,1.172681
t6114,6,4,1.071797,7,1.082904,1.082904,1.172681
t6267,6,2,1.000000,7,1.082904,1.082904,1.172681
t6319,6,7,1.082904,7,1.082904,1.082904,1.172681
t6362,6,7,1.082904,7,1.082904,1.082904,1.172681
t6480,6,7,1.082904,7,1.082904,1.082904,1.172681
t6481,6,7,1.082904,7,1.082904,1.082904,1.172681
t6489,6,7,1.082904,7,1.082904,1.082904,1.172681
t6490,6,7,1.082904,7,1.082904,1.082904,1.172681
t6499,6,7,1.082904,7,1.082904,1.082904,1.172681
t6500,6,7,1.082904,7,1.082904,1.082904,1.172681
t6653,6,7,1.082904,7,1.082904,1.082904,1.172681
t6173,6,2,1.000000,10,1.081039,1.081039,1.168645
t6190,6,2,1.000000,10,1.081039,1.081039,1.168645
t6237,6,2,1.000000,10,1.081039,1.081039,1.168645
t6238,6,2,1.000000,10,1.081039,1.081039,1.168645
t6244,6,2,1.000000,10,1.081039,1.081039,1.168645
t6269,6,2,1.000000,10,1.081039,1.081039,1.168645
t6270,6,2,1.000000,10,1.081039,1.081039,1.168645
t6285,6,2,1.000000,10,1.081039,1.081039,1.168645
t6300,6,2,1.000000,10,1.081039,1.081039,1.168645
t6305,6,2,1.000000,10,1.081039,1.081039,1.168645
t6311,6,2,1.000000,10,1.081039,1.081039,1.168645
t6384,6,5,1.081039,5,1.081039,1.081039,1.168645
t6399,6,2,1.000000,10,1.081039,1.081039,1.168645
t6417,6,2,1.000000,10,1.081039,1.081039,1.168645
t6655,6,4,1.071797,5,1.081039,1.081039,1.168645
t6656,6,4,1.071797,5,1.081039,1.081039,1.168645
t6u003,6,2,1.000000,10,1.081039,1.081039,1.168645
t6494,6,4,1.071797,6,1.080136,1.080136,1.166695
t6496,6,4,1.071797,6,1.080136,1.080136,1.166695
t6108,6,11,1.078838,11,1.078838,1.078838,1.163892
t6141,6,2,1.000000,11,1.078838,1.078838,1.163892
t6146,6,2,1.000000,11,1.078838,1.078838,1.163892
t6147,6,2,1.000000,11,1.078838,1.078838,1.163892
t6158,6,1,1.000000,11,1.078838,1.078838,1.163892
t6164,6,2,1.000000,11,1.078838,1.078838,1.163892
t6178,6,2,1.000000,11,1.078838,1.078838,1.163892
t6179,6,2,1.000000,11,1.078838,1.078838,1.163892
t6199,6,1,1.000000,11,1.078838,1.078838,1.163892
t6204,6,1,1.000000,11,1.078838,1.078838,1.163892
t6206,6,1,1.000000,11,1.078838,1.078838,1.163892
t6251,6,1,1.000000,11,1.078838,1.078838,1.163892
t6297,6,2,1.000000,11,1.078838,1.078838,1.163892
t6302,6,2,1.000000,11,1.078838,1.078838,1.163892
t6310,6,2,1.000000,11,1.078838,1.078838,1.163892
t6324,6,1,1.000000,11,1.078838,1.078838,1.163892
t6328,6,1,1.000000,11,1.078838,1.078838,1.163892
t6346,6,1,1.000000,11,1.078838,1.078838,1.163892
t6351,6,1,1.000000,11,1.078838,1.078838,1.163892
t6616,6,1,1.000000,11,1.078838,1.078838,1.163892
t6518,6,4,1.000000,6,1.077632,1.077632,1.161290
t6539,6,4,1.000000,6,1.077632,1.077632,1.161290
t6013,6,3,1.000000,7,1.076026,1.076026,1.157831
t6054,6,3,1.000000,7,1.076026,1.076026,1.157831
t6389,6,3,1.000000,7,1.076026,1.076026,1.157831
t6139,6,2,1.000000,11,1.073687,1.073687,1.152803
t6140,6,2,1.000000,11,1.073687,1.073687,1.152803
t6148,6,2,1.000000,11,1.073687,1.073687,1.152803
t6162,6,2,1.000000,11,1.073687,1.073687,1.152803
t6163,6,2,1.000000,11,1.073687,1.073687,1.152803
t6180,6,2,1.000000,11,1.073687,1.073687,1.152803
t6298,6,2,1.000000,11,1.073687,1.073687,1.152803
t6303,6,2,1.000000,11,1.073687,1.073687,1.152803
t6309,6,2,1.000000,11,1.073687,1.073687,1.152803
t6107,6,4,1.071797,9,1.063314,1.071797,1.148748
t6112,6,4,1.071797,7,1.039802,1.071797,1.148748
t6113,6,4,1.071797,8,1.071107,1.071797,1.148748
t6157,6,1,1.000000,12,1.071797,1.071797,1.148748
t6198,6,1,1.000000,12,1.071797,1.071797,1.148748
t6203,6,1,1.000000,12,1.071797,1.071797,1.148748
t6262,6,1,1.000000,12,1.071797,1.071797,1.148748
t6313,6,2,1.000000,8,1.071797,1.071797,1.148748
t6318,6,4,1.071797,4,1.000000,1.071797,1.148748
t6339,6,1,1.000000,12,1.071797,1.071797,1.148748
t6340,6,1,1.000000,12,1.071797,1.071797,1.148748
t6345,6,1,1.000000,12,1.071797,1.071797,1.148748
t6349,6,1,1.000000,12,1.071797,1.071797,1.148748
t6371,6,8,1.071797,8,1.071797,1.071797,1.148748
t6485,6,8,1.071797,8,1.071797,1.071797,1.148748
t6488,6,8,1.071797,8,1.071797,1.071797,1.148748
t6493,6,4,1.071797,5,1.056624,1.071797,1.148748
t6495,6,4,1.071797,5,1.056624,1.071797,1.148748
t6611,6,8,1.071797,8,1.071797,1.071797,1.148748
t6615,6,8,1.071797,8,1.071797,1.071797,1.148748
t6654,6,4,1.071797,4,1.071797,1.071797,1.148748
t6365,6,2,1.000000,7,1.070174,1.070174,1.145272
t6014,6,3,1.000000,8,1.069229,1.069229,1.143250
t6350,6,1,1.000000,6,1.067547,1.067547,1.139657
t6030,6,7,1.067490,7,1.067490,1.067490,1.139535
t6560,6,7,1.067490,7,1.067490,1.067490,1.139535
t6573,6,7,1.067490,7,1.067490,1.067490,1.139535
t6585,6,7,1.067490,7,1.067490,1.067490,1.139535
t6234,6,1,1.000000,11,1.063601,1.063601,1.131248
t6248,6,1,1.000000,11,1.063601,1.063601,1.131248
t6250,6,1,1.000000,11,1.063601,1.063601,1.131248
t6261,6,1,1.000000,11,1.063601,1.063601,1.131248
t6265,6,1,1.000000,11,1.063601,1.063601,1.131248
t6322,6,1,1.000000,11,1.063601,1.063601,1.131248
t6323,6,1,1.000000,11,1.063601,1.063601,1.131248
t6327,6,1,1.000000,11,1.063601,1.063601,1.131248
t6338,6,1,1.000000,11,1.063601,1.063601,1.131248
t6348,6,1,1.000000,11,1.063601,1.063601,1.131248
t6089,6,9,1.063314,9,1.063314,1.063314,1.130637
t6307,6,2,1.000000,9,1.063314,1.063314,1.130637
t6317,6,9,1.063314,9,1.063314,1.063314,1.130637
t6u004,6,9,1.063314,9,1.063314,1.063314,1.130637
t6357,6,2,1.000000,8,1.062305,1.062305,1.128493
t6134,6,1,1.000000,12,1.058093,1.058093,1.119562
t6153,6,1,1.000000,12,1.058093,1.058093,1.119562
t6156,6,1,1.000000,12,1.058093,1.058093,1.119562
t6195,6,1,1.000000,12,1.058093,1.058093,1.119562
t6197,6,1,1.000000,12,1.058093,1.058093,1.119562
t6202,6,1,1.000000,12,1.058093,1.058093,1.119562
t6260,6,1,1.000000,12,1.058093,1.058093,1.119562
t6264,6,1,1.000000,12,1.058093,1.058093,1.119562
t6337,6,1,1.000000,12,1.058093,1.058093,1.119562
t6344,6,1,1.000000,12,1.058093,1.058093,1.119562
t6081,6,10,1.056624,10,1.056624,1.056624,1.116455
t6086,6,10,1.056624,10,1.056624,1.056624,1.116455
t6087,6,10,1.056624,10,1.056624,1.056624,1.116455
t6092,6,10,1.056624,10,1.056624,1.056624,1.116455
t6093,6,10,1.056624,10,1.056624,1.056624,1.116455
t6094,6,10,1.056624,10,1.056624,1.056624,1.116455
t6095,6,10,1.056624,10,1.056624,1.056624,1.116455
t6097,6,10,1.056624,10,1.056624,1.056624,1.116455
t6098,6,10,1.056624,10,1.056624,1.056624,1.116455
t6100,6,10,1.056624,10,1.056624,1.056624,1.116455
t6101,6,10,1.056624,10,1.056624,1.056624,1.116455
t6103,6,10,1.056624,10,1.056624,1.056624,1.116455
t6213,6,4,1.000000,5,1.056624,1.056624,1.116455
t6225,6,2,1.000000,10,1.056624,1.056624,1.116455
t6228,6,2,1.000000,10,1.056624,1.056624,1.116455
t6233,6,1,1.000000,10,1.056624,1.056624,1.116455
t6236,6,2,1.000000,10,1.056624,1.056624,1.116455
t6240,6,2,1.000000,10,1.056624,1.056624,1.116455
t6247,6,1,1.000000,10,1.056624,1.056624,1.116455
t6249,6,1,1.000000,10,1.056624,1.056624,1.116455
t6321,6,1,1.000000,10,1.056624,1.056624,1.116455
t6374,6,5,1.056624,5,1.056624,1.056624,1.116455
t6659,6,5,1.056624,5,1.056624,1.056624,1.116455
t6308,6,2,1.000000,9,1.055970,1.055970,1.115073
t6124,6,2,1.000000,11,1.051213,1.051213,1.105049
t6127,6,2,1.000000,11,1.051213,1.051213,1.105049
t6133,6,1,1.000000,11,1.051213,1.051213,1.105049
t6136,6,2,1.000000,11,1.051213,1.051213,1.105049
t6142,6,2,1.000000,11,1.051213,1.051213,1.105049
t6152,6,1,1.000000,11,1.051213,1.051213,1.105049
t6154,6,1,1.000000,11,1.051213,1.051213,1.105049
t6161,6,2,1.000000,11,1.051213,1.051213,1.105049
t6176,6,2,1.000000,11,1.051213,1.051213,1.105049
t6194,6,1,1.000000,11,1.051213,1.051213,1.105049
t6196,6,1,1.000000,11,1.051213,1.051213,1.105049
t6201,6,1,1.000000,11,1.051213,1.051213,1.105049
t6223,6,2,1.000000,11,1.051213,1.051213,1.105049
t6226,6,2,1.000000,11,1.051213,1.051213,1.105049
t6232,6,1,1.000000,11,1.051213,1.051213,1.105049
t6246,6,1,1.000000,11,1.051213,1.051213,1.105049
t6263,6,1,1.000000,11,1.051213,1.051213,1.105049
t6320,6,1,1.000000,11,1.051213,1.051213,1.105049
t6224,6,2,1.000000,10,1.050775,1.050775,1.104128
t6229,6,2,1.000000,10,1.050775,1.050775,1.104128
t6235,6,2,1.000000,10,1.050775,1.050775,1.104128
t6241,6,2,1.000000,10,1.050775,1.050775,1.104128
t6257,6,2,1.000000,10,1.050775,1.050775,1.104128
t6102,6,6,1.046746,6,1.046746,1.046746,1.095677
t6122,6,2,1.000000,12,1.046746,1.046746,1.095677
t6125,6,2,1.000000,12,1.046746,1.046746,1.095677
t6132,6,1,1.000000,12,1.046746,1.046746,1.095677
t6138,6,2,1.000000,12,1.046746,1.046746,1.095677
t6144,6,2,1.000000,12,1.046746,1.046746,1.095677
t6151,6,1,1.000000,12,1.046746,1.046746,1.095677
t6155,6,1,1.000000,12,1.046746,1.046746,1.095677
t6193,6,1,1.000000,12,1.046746,1.046746,1.095677
t6256,6,1,1.000000,12,1.046746,1.046746,1.095677
t6259,6,1,1.000000,12,1.046746,1.046746,1.095677
t6373,6,6,1.046746,6,1.046746,1.046746,1.095677
t6658,6,6,1.046746,6,1.046746,1.046746,1.095677
t6123,6,2,1.000000,11,1.046445,1.046445,1.095048
t6128,6,2,1.000000,11,1.046445,1.046445,1.095048
t6135,6,2,1.000000,11,1.046445,1.046445,1.095048
t6143,6,2,1.000000,11,1.046445,1.046445,1.095048
t6160,6,2,1.000000,11,1.046445,1.046445,1.095048
t6177,6,2,1.000000,11,1.046445,1.046445,1.095048
t6222,6,2,1.000000,11,1.046445,1.046445,1.095048
t6227,6,2,1.000000,11,1.046445,1.046445,1.095048
t6121,6,2,1.000000,12,1.042786,1.042786,1.087403
t6126,6,2,1.000000,12,1.042786,1.042786,1.087403
t6137,6,2,1.000000,12,1.042786,1.042786,1.087403
t6145,6,2,1.000000,12,1.042786,1.042786,1.087403
t6629,6,7,1.039802,7,1.039802,1.039802,1.081188
t6632,6,7,1.039802,7,1.039802,1.039802,1.081188
t6663,6,7,1.039802,7,1.039802,1.039802,1.081188
t6221,6,1,1.000000,11,1.036771,1.036771,1.074894
t6231,6,1,1.000000,11,1.036771,1.036771,1.074894
t6245,6,1,1.000000,11,1.036771,1.036771,1.074894
t6255,6,1,1.000000,11,1.036771,1.036771,1.074894
t6258,6,1,1.000000,11,1.036771,1.036771,1.074894
t6215,6,6,1.035276,6,1.035276,1.035276,1.071797
t6315,6,3,1.000000,4,1.035276,1.035276,1.071797
t6364,6,4,1.035276,6,1.035276,1.035276,1.071797
t6367,6,4,1.035276,4,1.035276,1.035276,1.071797
t6368,6,3,1.031171,4,1.035276,1.035276,1.071797
t6646,6,2,1.035276,12,1.035276,1.035276,1.071797
t6647,6,2,1.035276,6,1.031171,1.035276,1.071797
t6648,6,2,1.035276,12,1.035276,1.035276,1.071797
t6652,6,2,1.035276,6,1.031171,1.035276,1.071797
t6657,6,2,1.035276,12,1.035276,1.035276,1.071797
t6661,6,2,1.035276,6,1.035276,1.035276,1.071797
t6u005,6,4,1.035276,4,1.035276,1.035276,1.071797
t6022,6,8,1.034654,8,1.034654,1.034654,1.070510
t6372,6,8,1.034654,8,1.034654,1.034654,1.070510
t6377,6,8,1.034654,8,1.034654,1.034654,1.070510
t6379,6,8,1.034654,8,1.034654,1.034654,1.070510
t6390,6,8,1.034654,8,1.034654,1.034654,1.070510
t6477,6,8,1.034654,8,1.034654,1.034654,1.070510
t6482,6,8,1.034654,8,1.034654,1.034654,1.070510
t6486,6,8,1.034654,8,1.034654,1.034654,1.070510
t6609,6,8,1.034654,8,1.034654,1.034654,1.070510
t6u006,6,8,1.034654,8,1.034654,1.034654,1.070510
t6120,6,1,1.000000,12,1.033694,1.033694,1.068524
t6131,6,1,1.000000,12,1.033694,1.033694,1.068524
t6150,6,1,1.000000,12,1.033694,1.033694,1.068524
t6254,6,1,1.000000,12,1.033694,1.033694,1.068524
t6363,6,3,1.031171,4,1.026108,1.031171,1.063314
t6464,6,4,1.000000,6,1.031171,1.031171,1.063314
t6474,6,3,1.031171,4,1.000000,1.031171,1.063314
t6651,6,3,1.031171,4,1.026108,1.031171,1.063314
t6085,6,9,1.030686,9,1.030686,1.030686,1.062313
t6376,6,9,1.030686,9,1.030686,1.030686,1.062313
t6430,6,9,1.030686,9,1.030686,1.030686,1.062313
t6468,6,9,1.030686,9,1.030686,1.030686,1.062313
t6u008,6,9,1.030686,9,1.030686,1.030686,1.062313
t6218,6,2,1.000000,10,1.027533,1.027533,1.055823
t6220,6,1,1.000000,10,1.027533,1.027533,1.055823
t6230,6,1,1.000000,10,1.027533,1.027533,1.055823
t6650,6,4,1.026108,4,1.026108,1.026108,1.052898
t6117,6,2,1.000000,11,1.024967,1.024967,1.050558
t6119,6,1,1.000000,11,1.024967,1.024967,1.050558
t6129,6,1,1.000000,11,1.024967,1.024967,1.050558
t6149,6,1,1.000000,11,1.024967,1.024967,1.050558
t6192,6,1,1.000000,11,1.024967,1.024967,1.050558
t6219,6,1,1.000000,11,1.024967,1.024967,1.050558
t6118,6,1,1.000000,12,1.022839,1.022839,1.046200
t6130,6,1,1.000000,12,1.022839,1.022839,1.046200
t6217,6,2,1.000000,10,1.022151,1.022151,1.044792
t6471,6,4,1.000000,5,1.022151,1.022151,1.044792
t6116,6,2,1.000000,11,1.020546,1.020546,1.041515
t6216,6,1,1.000000,11,1.011260,1.011260,1.022646
t6115,6,1,1.000000,12,1.010394,1.010394,1.020896
t6006,6,8,1.000000,8,1.000000,1.000000,1.000000
t6023,6,8,1.000000,8,1.000000,1.000000,1.000000
t6025,6,6,1.000000,6,1.000000,1.000000,1.000000
t6028,6,7,1.000000,7,1.000000,1.000000,1.000000
t6060,6,5,1.000000,5,1.000000,1.000000,1.000000
t6061,6,7,1.000000,7,1.000000,1.000000,1.000000
t6074,6,6,1.000000,6,1.000000,1.000000,1.000000
t6075,6,5,1.000000,5,1.000000,1.000000,1.000000
t6505,6,7,1.000000,7,1.000000,1.000000,1.000000
t6507,6,6,1.000000,6,1.000000,1.000000,1.000000
t6557,6,7,1.000000,7,1.000000,1.000000,1.000000
t6571,6,7,1.000000,7,1.000000,1.000000,1.000000
t6584,6,5,1.000000,5,1.000000,1.000000,1.000000
t6665,6,6,1.000000,6,1.000000,1.000000,1.000000
t6667,6,6,1.000000,6,1.000000,1.000000,1.000000
t6668,6,6,1.000000,6,1.000000,1.000000,1.000000
t6670,6,5,1.000000,5,1.000000,1.000000,1.000000
